{
  "macro_averages": {
    "f1": 0.5681326019702156,
    "fpr": 0.12551244865541256,
    "precision": 0.6469244714264635,
    "recall": 0.6021655526247476,
    "num_examples": 2600
  },
  "per_language": {
    "hrv_Latn": {
      "f1": 0.8311884935654807,
      "tp": 1098,
      "fn": 289,
      "fp": 157,
      "fpr": 0.12943116240725475,
      "precision": 0.8749003984063745,
      "recall": 0.7916366258111031
    },
    "srp_Latn": {
      "f1": 0.6867469879518072,
      "tp": 570,
      "fn": 490,
      "fp": 30,
      "fpr": 0.01948051948051948,
      "precision": 0.95,
      "recall": 0.5377358490566038
    },
    "bos_Latn": {
      "f1": 0.18646232439335889,
      "tp": 73,
      "fn": 80,
      "fp": 557,
      "fpr": 0.22762566407846344,
      "precision": 0.11587301587301588,
      "recall": 0.477124183006536
    }
  },
  "confusion_matrix": {
    "hrv_Latn": {
      "bos_Latn": 239,
      "hrv_Latn": 1098,
      "srp_Latn": 17,
      "zxx_Zxxx": 33
    },
    "srp_Latn": {
      "srp_Latn": 570,
      "hrv_Latn": 95,
      "zxx_Zxxx": 77,
      "bos_Latn": 318
    },
    "bos_Latn": {
      "hrv_Latn": 62,
      "bos_Latn": 73,
      "srp_Latn": 13,
      "zxx_Zxxx": 5
    }
  }
}