{
  "macro_averages": {
    "f1": 0.4879630135781448,
    "fpr": 0.08420897848359372,
    "precision": 0.6692948717948718,
    "recall": 0.46877040974022854,
    "num_examples": 2600
  },
  "per_language": {
    "hrv_Latn": {
      "f1": 0.8279860842674913,
      "tp": 1071,
      "fn": 316,
      "fp": 129,
      "fpr": 0.10634789777411377,
      "precision": 0.8925,
      "recall": 0.772170151405912
    },
    "srp_Latn": {
      "f1": 0.44525547445255476,
      "tp": 305,
      "fn": 755,
      "fp": 5,
      "fpr": 0.003246753246753247,
      "precision": 0.9838709677419355,
      "recall": 0.28773584905660377
    },
    "bos_Latn": {
      "f1": 0.19064748201438847,
      "tp": 53,
      "fn": 100,
      "fp": 350,
      "fpr": 0.14303228442991417,
      "precision": 0.1315136476426799,
      "recall": 0.3464052287581699
    }
  },
  "confusion_matrix": {
    "hrv_Latn": {
      "bos_Latn": 85,
      "hrv_Latn": 1071,
      "zxx_Zxxx": 229,
      "srp_Latn": 2
    },
    "srp_Latn": {
      "srp_Latn": 305,
      "zxx_Zxxx": 418,
      "hrv_Latn": 72,
      "bos_Latn": 265
    },
    "bos_Latn": {
      "hrv_Latn": 57,
      "bos_Latn": 53,
      "zxx_Zxxx": 40,
      "srp_Latn": 3
    }
  }
}