{
  "macro_averages": {
    "f1": 0.8236737246780538,
    "fpr": 0.009848171351384058,
    "precision": 0.975951455412971,
    "recall": 0.7515092516673775,
    "num_examples": 4744
  },
  "per_language": {
    "vec_Latn": {
      "f1": 0.574085554866708,
      "tp": 463,
      "fn": 676,
      "fp": 11,
      "fpr": 0.0030513176144244107,
      "precision": 0.9767932489451476,
      "recall": 0.4064969271290606
    },
    "fur_Latn": {
      "f1": 0.9659090909090909,
      "tp": 1275,
      "fn": 48,
      "fp": 42,
      "fpr": 0.012277111955568546,
      "precision": 0.9681093394077449,
      "recall": 0.963718820861678
    },
    "lij_Latn": {
      "f1": 0.9310265282583623,
      "tp": 2018,
      "fn": 264,
      "fp": 35,
      "fpr": 0.01421608448415922,
      "precision": 0.9829517778860205,
      "recall": 0.8843120070113936
    }
  },
  "confusion_matrix": {
    "vec_Latn": {
      "fur_Latn": 35,
      "roh_Latn": 4,
      "vec_Latn": 463,
      "spa_Latn": 4,
      "ita_Latn": 415,
      "lij_Latn": 35,
      "lmo_Latn": 88,
      "por_Latn": 6,
      "nap_Latn": 27,
      "srd_Latn": 30,
      "eus_Latn": 2,
      "scn_Latn": 2,
      "cat_Latn": 1,
      "fro_Latn": 2,
      "oci_Latn": 2,
      "uzn_Latn": 1,
      "glg_Latn": 3,
      "cos_Latn": 3,
      "eml_Latn": 1,
      "gsw_Latn": 5,
      "ssw_Latn": 1,
      "lld_Latn": 1,
      "wln_Latn": 1,
      "lim_Latn": 1,
      "als_Latn": 1,
      "fra_Latn": 2,
      "nov_Latn": 1,
      "epo_Latn": 2
    },
    "lld_Latn": {
      "ita_Latn": 107,
      "vec_Latn": 892,
      "pap_Latn": 6,
      "por_Latn": 143,
      "lmo_Latn": 263,
      "cos_Latn": 13,
      "maz_Latn": 1,
      "lij_Latn": 208,
      "zai_Latn": 2,
      "lld_Latn": 93,
      "spa_Latn": 34,
      "pms_Latn": 12,
      "vie_Latn": 9,
      "fur_Latn": 78,
      "mwl_Latn": 36,
      "rup_Latn": 3,
      "mos_Latn": 3,
      "gle_Latn": 8,
      "cat_Latn": 15,
      "nap_Latn": 20,
      "luo_Latn": 2,
      "ina_Latn": 9,
      "roh_Latn": 3,
      "fra_Latn": 8,
      "kea_Latn": 5,
      "hrv_Latn": 3,
      "tah_Latn": 12,
      "pol_Latn": 7,
      "slv_Latn": 4,
      "ces_Latn": 2,
      "ewo_Latn": 2,
      "gla_Latn": 3,
      "hat_Latn": 4,
      "fro_Latn": 4,
      "wuv_Latn": 1,
      "bre_Latn": 5,
      "sag_Latn": 2,
      "srq_Latn": 6,
      "rmy_Latn": 6,
      "ron_Latn": 9,
      "tso_Latn": 2,
      "srd_Latn": 24,
      "fin_Latn": 1,
      "oci_Latn": 13,
      "kin_Latn": 5,
      "glg_Latn": 18,
      "ibo_Latn": 1,
      "lfn_Latn": 6,
      "nso_Latn": 1,
      "lvs_Latn": 3,
      "tsn_Latn": 1,
      "dhv_Latn": 1,
      "aji_Latn": 1,
      "diq_Latn": 12,
      "pcd_Latn": 1,
      "lit_Latn": 2,
      "epo_Latn": 8,
      "swe_Latn": 1,
      "ekk_Latn": 2,
      "ast_Latn": 3,
      "tdx_Latn": 1,
      "chk_Latn": 1,
      "miq_Latn": 3,
      "bos_Latn": 1,
      "tur_Latn": 2,
      "lat_Latn": 1,
      "nov_Latn": 1,
      "slk_Latn": 2,
      "dyu_Latn": 1,
      "wln_Latn": 2,
      "xho_Latn": 2,
      "hun_Latn": 1,
      "eka_Latn": 1,
      "ote_Latn": 2,
      "gug_Latn": 2,
      "crs_Latn": 1,
      "fan_Latn": 1,
      "bzd_Latn": 1,
      "fij_Latn": 2,
      "eus_Latn": 2,
      "sus_Latn": 1,
      "eng_Latn": 1,
      "cbk_Latn": 2,
      "smo_Latn": 1,
      "pri_Latn": 2,
      "guw_Latn": 1,
      "pls_Latn": 1,
      "als_Latn": 2,
      "rmc_Latn": 1,
      "tzh_Latn": 1,
      "ile_Latn": 2,
      "pau_Latn": 1,
      "nld_Latn": 2,
      "dan_Latn": 1,
      "hrx_Latn": 1,
      "eml_Latn": 1
    },
    "fur_Latn": {
      "fur_Latn": 1275,
      "sag_Latn": 1,
      "cat_Latn": 14,
      "vec_Latn": 4,
      "lmo_Latn": 1,
      "fra_Latn": 1,
      "srd_Latn": 2,
      "ita_Latn": 12,
      "glg_Latn": 1,
      "por_Latn": 2,
      "eml_Latn": 1,
      "nap_Latn": 1,
      "ron_Latn": 2,
      "slv_Latn": 1,
      "lit_Latn": 1,
      "eng_Latn": 1,
      "ile_Latn": 1,
      "pms_Latn": 1,
      "fro_Latn": 1
    },
    "nap_Latn": {
      "nap_Latn": 1319,
      "ita_Latn": 436,
      "scn_Latn": 143,
      "cat_Latn": 6,
      "lij_Latn": 12,
      "srd_Latn": 20,
      "aso_Latn": 1,
      "lmo_Latn": 5,
      "vec_Latn": 6,
      "eus_Latn": 2,
      "fra_Latn": 6,
      "eml_Latn": 1,
      "ibo_Latn": 1,
      "bre_Latn": 1,
      "eng_Latn": 9,
      "luo_Latn": 1,
      "kmy_Latn": 1,
      "ron_Latn": 3,
      "wol_Latn": 1,
      "tlh_Latn": 2,
      "oci_Latn": 2,
      "nob_Latn": 1,
      "por_Latn": 10,
      "cos_Latn": 2,
      "lus_Latn": 1,
      "ndz_Latn": 2,
      "spa_Latn": 1,
      "sag_Latn": 2,
      "gug_Latn": 1,
      "ilo_Latn": 1,
      "enm_Latn": 1,
      "tur_Latn": 4,
      "zad_Latn": 1,
      "lat_Latn": 2,
      "lvs_Latn": 1,
      "pms_Latn": 1,
      "lim_Latn": 1,
      "nld_Latn": 1,
      "fin_Latn": 1,
      "tsn_Latn": 1,
      "epo_Latn": 2,
      "fur_Latn": 2,
      "mlt_Latn": 1,
      "glg_Latn": 1,
      "max_Latn": 1,
      "pap_Latn": 1,
      "slv_Latn": 2,
      "arg_Latn": 2,
      "hun_Latn": 1
    },
    "lij_Latn": {
      "lij_Latn": 2018,
      "scn_Latn": 83,
      "fur_Latn": 7,
      "lmo_Latn": 20,
      "cos_Latn": 25,
      "hrx_Latn": 3,
      "hrv_Latn": 1,
      "kea_Latn": 3,
      "por_Latn": 8,
      "kmb_Latn": 1,
      "ibo_Latn": 1,
      "mlt_Latn": 12,
      "nap_Latn": 13,
      "fin_Latn": 1,
      "srd_Latn": 15,
      "slk_Latn": 2,
      "ita_Latn": 20,
      "fro_Latn": 1,
      "als_Latn": 2,
      "tpm_Latn": 1,
      "nlg_Latn": 1,
      "pap_Latn": 2,
      "ekk_Latn": 2,
      "vec_Latn": 7,
      "vro_Latn": 2,
      "cat_Latn": 4,
      "ast_Latn": 1,
      "eus_Latn": 1,
      "oke_Latn": 1,
      "tod_Latn": 1,
      "ron_Latn": 3,
      "oci_Latn": 3,
      "diq_Latn": 1,
      "olo_Latn": 1,
      "sco_Latn": 1,
      "ldi_Latn": 1,
      "isl_Latn": 1,
      "epo_Latn": 1,
      "hat_Latn": 1,
      "mgh_Latn": 1,
      "cri_Latn": 1,
      "tur_Latn": 1,
      "nld_Latn": 1,
      "byx_Latn": 1,
      "pms_Latn": 1,
      "vie_Latn": 1,
      "nba_Latn": 1,
      "roh_Latn": 1,
      "arg_Latn": 1
    },
    "lmo_Latn": {
      "lmo_Latn": 649,
      "ita_Latn": 10,
      "vec_Latn": 6,
      "fur_Latn": 3,
      "srd_Latn": 1,
      "oci_Latn": 3,
      "fra_Latn": 1,
      "nap_Latn": 2,
      "hat_Latn": 1,
      "smo_Latn": 1,
      "cat_Latn": 6,
      "ekk_Latn": 1,
      "lim_Latn": 1,
      "eml_Latn": 1,
      "pms_Latn": 1,
      "lat_Latn": 2
    },
    "eml_Latn": {
      "eml_Latn": 664,
      "lmo_Latn": 55,
      "ita_Latn": 29,
      "por_Latn": 2,
      "fur_Latn": 13,
      "bzd_Latn": 2,
      "hat_Latn": 1,
      "lij_Latn": 19,
      "zxx_Latn": 1,
      "swe_Latn": 1,
      "spa_Latn": 1,
      "vec_Latn": 8,
      "pap_Latn": 1,
      "pms_Latn": 3,
      "hrx_Latn": 2,
      "nap_Latn": 6,
      "glg_Latn": 2,
      "arg_Latn": 1,
      "tah_Latn": 2,
      "lit_Latn": 1,
      "vie_Latn": 2,
      "scn_Latn": 1,
      "quc_Latn": 1,
      "war_Latn": 1,
      "fra_Latn": 1,
      "cat_Latn": 1,
      "dhv_Latn": 1,
      "deu_Latn": 1,
      "oci_Latn": 1,
      "roh_Latn": 1
    },
    "roa_Latn": {
      "lmo_Latn": 20,
      "ita_Latn": 77,
      "nap_Latn": 232,
      "eml_Latn": 17,
      "scn_Latn": 179,
      "fur_Latn": 7,
      "lij_Latn": 34,
      "hat_Latn": 6,
      "fra_Latn": 2,
      "gle_Latn": 1,
      "sdc_Latn": 2,
      "mfy_Latn": 1,
      "arg_Latn": 1,
      "mlt_Latn": 3,
      "vec_Latn": 2,
      "nrm_Latn": 2,
      "mwl_Latn": 1,
      "dhv_Latn": 1,
      "cat_Latn": 2,
      "pms_Latn": 2,
      "eng_Latn": 1,
      "cos_Latn": 2,
      "slk_Latn": 1,
      "lin_Latn": 1,
      "oci_Latn": 2,
      "mfe_Latn": 1,
      "ibo_Latn": 1,
      "srd_Latn": 1,
      "vie_Latn": 1
    }
  }
}