{
  "macro_averages": {
    "f1": 0.808833773184285,
    "fpr": 0.014483479558980624,
    "precision": 0.9650727716527099,
    "recall": 0.7422187729694123,
    "num_examples": 4744
  },
  "per_language": {
    "vec_Latn": {
      "f1": 0.5408486383787207,
      "tp": 427,
      "fn": 712,
      "fp": 13,
      "fpr": 0.0036061026352288486,
      "precision": 0.9704545454545455,
      "recall": 0.3748902546093064
    },
    "fur_Latn": {
      "f1": 0.9589245705750561,
      "tp": 1284,
      "fn": 39,
      "fp": 71,
      "fpr": 0.02075416544869921,
      "precision": 0.9476014760147602,
      "recall": 0.9705215419501134
    },
    "lij_Latn": {
      "f1": 0.9267281105990782,
      "tp": 2011,
      "fn": 271,
      "fp": 47,
      "fpr": 0.019090170593013808,
      "precision": 0.9771622934888241,
      "recall": 0.8812445223488168
    }
  },
  "confusion_matrix": {
    "vec_Latn": {
      "ita_Latn": 346,
      "zxx_Zxxx": 193,
      "vec_Latn": 427,
      "fur_Latn": 49,
      "cat_Latn": 2,
      "lmo_Latn": 36,
      "lij_Latn": 47,
      "srd_Latn": 27,
      "lat_Latn": 2,
      "hat_Latn": 4,
      "epo_Latn": 1,
      "glg_Latn": 3,
      "afr_Latn": 1,
      "fuv_Latn": 1
    },
    "lld_Latn": {
      "ita_Latn": 83,
      "zxx_Zxxx": 483,
      "vec_Latn": 752,
      "lmo_Latn": 226,
      "pap_Latn": 13,
      "hat_Latn": 9,
      "vie_Latn": 11,
      "lij_Latn": 275,
      "run_Latn": 3,
      "fur_Latn": 147,
      "spa_Latn": 16,
      "por_Latn": 62,
      "glg_Latn": 13,
      "eus_Latn": 4,
      "cat_Latn": 21,
      "mri_Latn": 1,
      "kin_Latn": 5,
      "bam_Latn": 1,
      "scn_Latn": 2,
      "bos_Latn": 2,
      "srd_Latn": 23,
      "lit_Latn": 2,
      "oci_Latn": 2,
      "hun_Latn": 2,
      "fra_Latn": 2,
      "lvs_Latn": 4,
      "ayr_Latn": 1,
      "fuv_Latn": 1,
      "fil_Latn": 1,
      "smo_Latn": 2,
      "tsn_Latn": 1,
      "gle_Latn": 4,
      "som_Latn": 1,
      "ast_Latn": 3,
      "hrv_Latn": 2,
      "wol_Latn": 2,
      "lat_Latn": 3,
      "yor_Latn": 1,
      "mlt_Latn": 1,
      "slk_Latn": 1,
      "fij_Latn": 1,
      "xho_Latn": 1,
      "pol_Latn": 2,
      "epo_Latn": 1,
      "ron_Latn": 3,
      "swe_Latn": 1,
      "nno_Latn": 1,
      "ibo_Latn": 1,
      "dan_Latn": 1
    },
    "fur_Latn": {
      "fur_Latn": 1284,
      "kin_Latn": 1,
      "cat_Latn": 14,
      "srd_Latn": 2,
      "vec_Latn": 2,
      "zxx_Zxxx": 8,
      "ita_Latn": 5,
      "lmo_Latn": 1,
      "tur_Latn": 1,
      "slv_Latn": 2,
      "lat_Latn": 1,
      "ltg_Latn": 1,
      "fra_Latn": 1
    },
    "nap_Latn": {
      "srd_Latn": 133,
      "ita_Latn": 646,
      "zxx_Zxxx": 362,
      "scn_Latn": 554,
      "vec_Latn": 47,
      "hau_Latn": 1,
      "cat_Latn": 9,
      "wol_Latn": 2,
      "lij_Latn": 127,
      "fur_Latn": 60,
      "tsn_Latn": 3,
      "lmo_Latn": 22,
      "nno_Latn": 1,
      "ilo_Latn": 5,
      "fij_Latn": 1,
      "smo_Latn": 2,
      "lim_Latn": 4,
      "lat_Latn": 2,
      "ast_Latn": 1,
      "glg_Latn": 2,
      "spa_Latn": 2,
      "mlt_Latn": 5,
      "por_Latn": 5,
      "eng_Latn": 3,
      "epo_Latn": 1,
      "pap_Latn": 3,
      "kab_Latn": 1,
      "vie_Latn": 2,
      "lit_Latn": 1,
      "fon_Latn": 1,
      "zul_Latn": 1,
      "tur_Latn": 1,
      "ron_Latn": 4,
      "eus_Latn": 2,
      "dan_Latn": 1,
      "gla_Latn": 2,
      "sag_Latn": 1,
      "oci_Latn": 1,
      "lus_Latn": 1,
      "fra_Latn": 1,
      "hat_Latn": 1,
      "bos_Latn": 1,
      "hun_Latn": 1
    },
    "lij_Latn": {
      "lij_Latn": 2011,
      "scn_Latn": 105,
      "zxx_Zxxx": 49,
      "fur_Latn": 22,
      "ita_Latn": 7,
      "hrv_Latn": 2,
      "srd_Latn": 17,
      "vec_Latn": 11,
      "lmo_Latn": 10,
      "slk_Latn": 2,
      "hat_Latn": 2,
      "mlt_Latn": 9,
      "sag_Latn": 2,
      "vie_Latn": 4,
      "kea_Latn": 1,
      "cjk_Latn": 1,
      "tso_Latn": 1,
      "ast_Latn": 4,
      "eus_Latn": 3,
      "ces_Latn": 1,
      "bjn_Latn": 1,
      "ron_Latn": 3,
      "oci_Latn": 3,
      "zul_Latn": 1,
      "ltg_Latn": 1,
      "ilo_Latn": 2,
      "gug_Latn": 1,
      "spa_Latn": 1,
      "smo_Latn": 1,
      "epo_Latn": 1,
      "wol_Latn": 2,
      "por_Latn": 1
    },
    "lmo_Latn": {
      "lmo_Latn": 648,
      "fur_Latn": 4,
      "ita_Latn": 7,
      "zxx_Zxxx": 11,
      "vec_Latn": 6,
      "hat_Latn": 1,
      "srd_Latn": 3,
      "nob_Latn": 1,
      "cat_Latn": 3,
      "lij_Latn": 2,
      "lat_Latn": 2,
      "ltz_Latn": 1
    },
    "eml_Latn": {
      "lmo_Latn": 407,
      "fur_Latn": 165,
      "zxx_Zxxx": 105,
      "vec_Latn": 21,
      "lij_Latn": 53,
      "ita_Latn": 23,
      "pap_Latn": 2,
      "hat_Latn": 5,
      "frp_Latn": 7,
      "srd_Latn": 5,
      "oci_Latn": 4,
      "lim_Latn": 2,
      "lvs_Latn": 1,
      "swe_Latn": 5,
      "ces_Latn": 1,
      "vie_Latn": 5,
      "gle_Latn": 1,
      "glg_Latn": 2,
      "cat_Latn": 2,
      "hrv_Latn": 2,
      "scn_Latn": 3,
      "lus_Latn": 1,
      "fra_Latn": 1,
      "tsn_Latn": 1,
      "fas_Arab": 1
    },
    "roa_Latn": {
      "scn_Latn": 226,
      "ita_Latn": 72,
      "lij_Latn": 80,
      "lmo_Latn": 64,
      "oci_Latn": 11,
      "zxx_Zxxx": 97,
      "fur_Latn": 24,
      "vec_Latn": 6,
      "hat_Latn": 6,
      "fao_Latn": 1,
      "srd_Latn": 8,
      "dan_Latn": 2,
      "lim_Latn": 1,
      "ast_Latn": 1,
      "glg_Latn": 1,
      "hun_Latn": 1,
      "frp_Latn": 1,
      "vie_Latn": 1
    }
  }
}